Name,Mean,MeanLB,MeanUB,Stddev,StddevLB,StddevUB
Z3/v-->v/V1*V2/Chc/4212/numPlain/26808/Compression/0.12398757051810842/VCore_Total/6137/VCorePlain/1946/VCoreVar/4191/Variants/16,92.47095617796488,90.66101190263483,93.45301540171688,1.7380725229845435,0.30834834434790537,2.2679686287734957
Z3/v-->v/V2*V3/Chc/4212/numPlain/26808/Compression/0.12398757051810842/VCore_Total/6137/VCorePlain/1946/VCoreVar/4191/Variants/16,71.58295411973813,71.12591724749655,72.07451843546005,0.5940653184779882,0.2560658069996862,0.7598021196700062
Z3/v-->v/V3*V4/Chc/4212/numPlain/26808/Compression/0.12398757051810842/VCore_Total/6137/VCorePlain/1946/VCoreVar/4191/Variants/16,31.688147831691214,30.52214466742104,33.868918044958264,2.1371621335590674,0.10865878105528548,2.584110182014079
Z3/v-->p/V1*V2/Chc/4212/numPlain/26808/Compression/0.12398757051810842/VCore_Total/6137/VCorePlain/1946/VCoreVar/4191/Variants/16,118.81684995345616,117.70917562483615,120.83223241413361,1.9649073203407452,0.10699036888180724,2.558064287212788
Z3/v-->p/V2*V3/Chc/4212/numPlain/26808/Compression/0.12398757051810842/VCore_Total/6137/VCorePlain/1946/VCoreVar/4191/Variants/16,75.58749315284997,74.36639174890297,77.07732305263198,1.6772004902224,0.5232806954542539,2.2157803963420406
Z3/v-->p/V3*V4/Chc/4212/numPlain/26808/Compression/0.12398757051810842/VCore_Total/6137/VCorePlain/1946/VCoreVar/4191/Variants/16,20.019350292876577,19.903072222521587,20.189506557348068,0.16431125680608893,4.803544712492057e-2,0.22049725375629364
