Name,Mean,MeanLB,MeanUB,Stddev,StddevLB,StddevUB
Z3/v-->v/V1*V2*V3*V4/Chc/4213/numPlain/26808/Compression/6.200997396189268e-2/VCore_Total/6138/VCorePlain/1946/VCoreVar/4192/Variants/32,211.7008807821309,210.68882225425278,213.22368647488594,2.106525589343488,1.3624247723578984,2.9614494636923925
Z3/p-->v/V1*V2*V3*V4/Chc/4213/numPlain/26808/Compression/6.200997396189268e-2/VCore_Total/6138/VCorePlain/1946/VCoreVar/4192/Variants/32,363.16077508059203,357.5422324371164,369.82089817453755,11.211633859851498,9.274815792452848,14.445611957047822
Z3/p-->p/V1*V2*V3*V4/Chc/4213/numPlain/26808/Compression/6.200997396189268e-2/VCore_Total/6138/VCorePlain/1946/VCoreVar/4192/Variants/32,378.6881106359077,377.87732571131085,379.63795997401274,1.4620532371975452,1.0325932977150276,1.9801979382800945
Z3/v-->p/V1*V2*V3*V4/Chc/4213/numPlain/26808/Compression/6.200997396189268e-2/VCore_Total/6138/VCorePlain/1946/VCoreVar/4192/Variants/32,288.66423255155433,286.91246244025143,290.7234940495233,3.172397221256374,2.290295170853166,4.235261405919757
