Name,Mean,MeanLB,MeanUB,Stddev,StddevLB,StddevUB
Z3/v-->v/V1*V2*V3*V4/Chc/4213/numPlain/26808/Compression/6.1993785954331165e-2/VCore_Total/6138/VCorePlain/1946/VCoreVar/4192/Variants/32,212.4093061100284,205.91929958126275,221.77445255039493,8.86727603403258,0.921440078449919,11.274659675916705
Z3/p-->v/V1*V2*V3*V4/Chc/4213/numPlain/26808/Compression/6.1993785954331165e-2/VCore_Total/6138/VCorePlain/1946/VCoreVar/4192/Variants/32,377.8960521547803,375.84407247069373,381.0203522028751,2.958555147893298,0.38095974347964967,3.79811081933319
Z3/p-->p/V1*V2*V3*V4/Chc/4213/numPlain/26808/Compression/6.1993785954331165e-2/VCore_Total/6138/VCorePlain/1946/VCoreVar/4192/Variants/32,355.8920716576492,353.2439831805241,358.9501190489682,3.130009146632045,1.492086375287414,4.392585439571701
Z3/v-->p/V1*V2*V3*V4/Chc/4213/numPlain/26808/Compression/6.1993785954331165e-2/VCore_Total/6138/VCorePlain/1946/VCoreVar/4192/Variants/32,273.03459188955213,269.08412224504474,275.27428687456995,3.7650954577311437,0.9889820925226056,4.93984693323902
