Name,Mean,MeanLB,MeanUB,Stddev,StddevLB,StddevUB
Z3/v-->v/V1*V2/Chc/3250/numPlain/27770/Compression/0.48934552342358545,122.96817973618762,121.3927530325002,125.25786381775015,2.2144060065965445,0.6629284561008075,2.9753636697490515
Z3/v-->v/V2*V3/Chc/2868/numPlain/28152/Compression/0.4834850543508634,88.9564259192501,86.88191942975034,91.37962837587504,2.4706691948852235,1.271443282303527,3.4623379610422473
Z3/v-->v/V3*V4/Chc/962/numPlain/30058/Compression/0.40531643656643657,18.037445522312435,17.835802332812364,18.138628405312375,0.19042806605097187,1.668718946704173e-3,0.23367185894959197
