Name,Mean,MeanLB,MeanUB,Stddev,StddevLB,StddevUB
Z3/v-->v/V1*V2/Chc/1322/numPlain/3928/Compression/0.40559563999029147,0.8834145507919402,0.8596720815417029,0.9186162040002728,3.322429715882607e-2,1.2700810250407812e-2,4.112948420559769e-2
Z3/v-->v/V2*V3/Chc/842/numPlain/4408/Compression/0.3810375,0.6900580212712081,0.6546352990008018,0.7043614090210136,2.4776719800015685e-2,7.557233505210755e-3,3.3032259070695326e-2
Z3/v-->v/V3*V4/Chc/156/numPlain/5094/Compression/0.31227804020273764,0.33669455845839974,0.3253288226253517,0.34260294958327603,1.0769779296945779e-2,1.0416470804055031e-3,1.3644844825699684e-2
Z3/v-->v/V4*V5/Chc/759/numPlain/4491/Compression/0.3838662476912375,0.6876307082292593,0.6663212024375298,0.7067774637503135,2.6134675622930557e-2,1.4648254190893939e-2,3.6025995876086646e-2
Z3/v-->v/V5*V6/Chc/1349/numPlain/3901/Compression/0.41978453236731383,0.9338350135413597,0.9249447617496571,0.9406596365831017,8.605315207790794e-3,4.131257499921048e-3,1.0800656992909599e-2
Z3/v-->v/V6*V7/Chc/1089/numPlain/4161/Compression/0.39389199868291075,0.7331477260415417,0.7296776498751569,0.7392728723748405,6.23167064790027e-3,2.3629474290381893e-4,7.543935552771464e-3
Z3/v-->v/V7*V8/Chc/806/numPlain/4444/Compression/0.3533208920977759,0.5340432751665579,0.5241031919998704,0.5396543139165336,9.626682031304411e-3,2.5639886665279055e-3,1.2958138930927579e-2
Z3/v-->v/V8*V9/Chc/504/numPlain/4746/Compression/0.34036021926389975,0.4343413601668165,0.41586643750008534,0.44802251733350806,1.8790870224252902e-2,7.960925333160646e-3,2.592924553388835e-2
Z3/v-->v/V9*V10/Chc/176/numPlain/5074/Compression/0.30935896534757856,0.2925743938138112,0.28874373946709964,0.2998511636400508,7.827668788364904e-3,5.722940951814878e-4,9.903732912935503e-3
