Name,Mean,MeanLB,MeanUB,Stddev,StddevLB,StddevUB
Z3/v-->v/V1*V2*V3*V4*V5*V6*V7*V8*V9*V10/Chc/3810/numPlain/1441/Compression/1.1216626512482325e-3/VCore_Total/3251/VCorePlain/235/VCoreVar/3016/Variants/2048,11.050036079825714,10.37477974436143,11.766048695,1.1290988271943236,0.8572035674222537,1.3795786955188158
Z3/p-->v/V1*V2*V3*V4*V5*V6*V7*V8*V9*V10/Chc/3810/numPlain/1441/Compression/1.1216626512482325e-3/VCore_Total/3251/VCorePlain/235/VCoreVar/3016/Variants/2048,8.07040866810734,7.848418239797222,8.520684966403572,0.4942415146763987,0.25170145987269926,0.8251506265764192
Z3/p-->p/V1*V2*V3*V4*V5*V6*V7*V8*V9*V10/Chc/3810/numPlain/1441/Compression/1.1216626512482325e-3/VCore_Total/3251/VCorePlain/235/VCoreVar/3016/Variants/2048,9.506401257985793,9.144245694709683,10.18222941934889,0.8103424447073605,0.5519733425992662,1.2113860152079274
Z3/v-->p/V1*V2*V3*V4*V5*V6*V7*V8*V9*V10/Chc/3810/numPlain/1441/Compression/1.1216626512482325e-3/VCore_Total/3251/VCorePlain/235/VCoreVar/3016/Variants/2048,8.415740053093293,8.214673213205,8.59160747818631,0.30263829203253145,0.1983472892244701,0.45951657778358057
