Name,Mean,MeanLB,MeanUB,Stddev,StddevLB,StddevUB
Z3/v-->v/V1/Chc/558/numPlain/3898/Compression/0.6895279158140895/VCore_Total/1684/VCorePlain/1126/VCoreVar/558/Variants/2,4.096286127845579,4.093471342114652,4.0977018562239,7.699442405519925e-3,6.653055636151241e-3,9.466621612776864e-3
Z3/v-->v/V1*V2/Chc/1322/numPlain/3143/Compression/0.43001393608958216/VCore_Total/2309/VCorePlain/996/VCoreVar/1313/Variants/4,11.369827314655993,11.357584082112421,11.37561217985157,2.958608579259932e-2,2.142501567405775e-2,5.01598968475073e-2
