Name,Mean,MeanLB,MeanUB,Stddev,StddevLB,StddevUB,DataSet,Algorithm,Config,ChcCount,PlainCount,CompressionRatio
Z3/v-->v/V1*V2/Chc/3250/numPlain/27770/Compression/0.48934552342358545,118.7748054836042,116.25535031837501,120.71374349812504,2.6561656478010236,1.3406469329226074,3.665492645821763,Z3,v-->v,V1*V2,3250,27770,0.48934552342358545
Z3/v-->v/V2*V3/Chc/2868/numPlain/28152/Compression/0.4834850543508634,90.6484619278543,88.94942876391667,92.22138383287523,1.9011947451969622,0.7393955654499,2.3315722918479325,Z3,v-->v,V2*V3,2868,28152,0.4834850543508634
Z3/v-->v/V3*V4/Chc/962/numPlain/30058/Compression/0.40531643656643657,18.23815444987498,17.991877231500062,18.68786286562485,0.43774962352097757,0.028169830115033434,0.5333634648375742,Z3,v-->v,V3*V4,962,30058,0.40531643656643657
Z3/v-->p/V1*V2/Chc/3250/numPlain/27770/Compression/0.48934552342358545,204.1405645826249,201.6493093575,205.92527288212494,2.4213074906859275,1.122589448999861,3.0443765445316124,Z3,v-->p,V1*V2,3250,27770,0.48934552342358545
Z3/v-->p/V2*V3/Chc/2868/numPlain/28152/Compression/0.4834850543508634,136.01166912320824,135.08791174595822,136.6515777133333,0.9236529432665002,0.43528942138341825,1.2037106229155399,Z3,v-->p,V2*V3,2868,28152,0.4834850543508634
Z3/v-->p/V3*V4/Chc/962/numPlain/30058/Compression/0.40531643656643657,34.05051014879151,33.52215017262449,34.33526711262505,0.5289647745116253,0.35813833943353934,0.6259377122559533,Z3,v-->p,V3*V4,962,30058,0.40531643656643657
