Name,Mean,MeanLB,MeanUB,Stddev,StddevLB,StddevUB,DataSet,Algorithm,Config,ChcCount,PlainCount,CompressionRatio
Z3/v-->v/V1*V2/Chc/3271/numPlain/27749/Compression/0.24774186785906296,148.5079204810636,147.3812410778146,150.19690243937475,1.6227216473381199,0.37625123212455946,2.1674971267247822,Z3,v-->v,V1*V2,3271,27749,0.24774186785906296
Z3/v-->v/V2*V3/Chc/2868/numPlain/28152/Compression/0.4926710479856943,91.32700731581129,89.6655589867502,93.10612932624765,2.16481720957147,0.14884938095969602,2.6981687425528267,Z3,v-->v,V2*V3,2868,28152,0.4926710479856943
Z3/v-->v/V3*V4/Chc/962/numPlain/30037/Compression/0.4053482441512341,20.72974952358224,20.478119268998853,20.91562643316623,0.24942479176282736,0.09066291203273394,0.33860142310507924,Z3,v-->v,V3*V4,962,30037,0.4053482441512341
Z3/v-->p/V1*V2/Chc/3271/numPlain/27749/Compression/0.24774186785906296,445.1943228190812,437.86585266733164,450.22172551449694,7.164109146332737,2.2929213490024267,9.786007187798695,Z3,v-->p,V1*V2,3271,27749,0.24774186785906296
Z3/v-->p/V2*V3/Chc/2868/numPlain/28152/Compression/0.4926710479856943,152.43675224033663,148.71498696409012,156.287343739501,4.489493744450615,2.5890661772743484,6.230417067060817,Z3,v-->p,V2*V3,2868,28152,0.4926710479856943
Z3/v-->p/V3*V4/Chc/962/numPlain/30037/Compression/0.4053482441512341,38.56815176528986,37.96528816983239,38.91822413616652,0.7013986807593492,0.609237092772239,0.7721840347623831,Z3,v-->p,V3*V4,962,30037,0.4053482441512341
