Name,Mean,MeanLB,MeanUB,Stddev,StddevLB,StddevUB,DataSet,Algorithm,Config,ChcCount,PlainCount,CompressionRatio
Z3/v-->v/V1*V2/Chc/1322/numPlain/3928/Compression/0.40559563999029147,0.8834145507919402,0.8596720815417029,0.9186162040002728,0.03322429715882607,0.012700810250407812,0.04112948420559769,Z3,v-->v,V1*V2,1322,3928,0.40559563999029147
Z3/v-->v/V2*V3/Chc/842/numPlain/4408/Compression/0.3810375,0.6900580212712081,0.6546352990008018,0.7043614090210136,0.024776719800015685,0.007557233505210755,0.033032259070695326,Z3,v-->v,V2*V3,842,4408,0.3810375
Z3/v-->v/V3*V4/Chc/156/numPlain/5094/Compression/0.31227804020273764,0.33669455845839974,0.3253288226253517,0.34260294958327603,0.010769779296945779,0.0010416470804055031,0.013644844825699684,Z3,v-->v,V3*V4,156,5094,0.31227804020273764
Z3/v-->v/V4*V5/Chc/759/numPlain/4491/Compression/0.3838662476912375,0.6876307082292593,0.6663212024375298,0.7067774637503135,0.026134675622930557,0.014648254190893939,0.036025995876086646,Z3,v-->v,V4*V5,759,4491,0.3838662476912375
Z3/v-->v/V5*V6/Chc/1349/numPlain/3901/Compression/0.41978453236731383,0.9338350135413597,0.9249447617496571,0.9406596365831017,0.008605315207790794,0.004131257499921048,0.010800656992909599,Z3,v-->v,V5*V6,1349,3901,0.41978453236731383
Z3/v-->v/V6*V7/Chc/1089/numPlain/4161/Compression/0.39389199868291075,0.7331477260415417,0.7296776498751569,0.7392728723748405,0.00623167064790027,0.00023629474290381893,0.007543935552771464,Z3,v-->v,V6*V7,1089,4161,0.39389199868291075
Z3/v-->v/V7*V8/Chc/806/numPlain/4444/Compression/0.3533208920977759,0.5340432751665579,0.5241031919998704,0.5396543139165336,0.009626682031304411,0.0025639886665279055,0.012958138930927579,Z3,v-->v,V7*V8,806,4444,0.3533208920977759
Z3/v-->v/V8*V9/Chc/504/numPlain/4746/Compression/0.34036021926389975,0.4343413601668165,0.41586643750008534,0.44802251733350806,0.018790870224252902,0.007960925333160646,0.02592924553388835,Z3,v-->v,V8*V9,504,4746,0.34036021926389975
Z3/v-->v/V9*V10/Chc/176/numPlain/5074/Compression/0.30935896534757856,0.2925743938138112,0.28874373946709964,0.2998511636400508,0.007827668788364904,0.0005722940951814878,0.009903732912935503,Z3,v-->v,V9*V10,176,5074,0.30935896534757856
