Name,Mean,MeanLB,MeanUB,Stddev,StddevLB,StddevUB,DataSet,Algorithm,Config,ChcCount,PlainCount,CompressionRatio,VCoreSize,VCorePlain,VCoreVar,Variants
Z3/v-->vp/V1*V2/Chc/1322/numPlain/3143/Compression/0.43001393608958216/VCore_Total/2309/VCorePlain/996/VCoreVar/1313/Variants/4,0.4305845066665957,0.41882536616647786,0.4375999715416488,0.011760683466655025,0.004543578499976775,0.016201522136409116,Z3,v-->vp,V1*V2,1322,3143,0.43001393608958216,2309,996,1313,4
Z3/v-->vp/V1*V2*V3/Chc/1400/numPlain/3081/Compression/0.22435286784508815/VCore_Total/2326/VCorePlain/951/VCoreVar/1375/Variants/8,0.6110747835832532,0.6056779969997592,0.6147523185833185,0.005291294893509465,0.0024120240001366255,0.006824310396702084,Z3,v-->vp,V1*V2*V3,1400,3081,0.22435286784508815,2326,951,1375,8
Z3/v-->vp/V1*V2*V3*V4/Chc/1478/numPlain/3011/Compression/0.11778550160073432/VCore_Total/2374/VCorePlain/929/VCoreVar/1445/Variants/16,0.9345958378749705,0.8989755344999821,0.9583516537499388,0.03831852633488801,0.02280324131838247,0.054178418779573384,Z3,v-->vp,V1*V2*V3*V4,1478,3011,0.11778550160073432,2374,929,1445,16
Z3/v-->vp/V1*V2*V3*V4*V5/Chc/2159/numPlain/2695/Compression/6.495518204814074e-2/VCore_Total/2382/VCorePlain/621/VCoreVar/1761/Variants/32,2.2641570236249513,2.2172596421250432,2.299600631749987,0.046821122250145994,0.027085594500135812,0.05772710711650713,Z3,v-->vp,V1*V2*V3*V4*V5,2159,2695,0.06495518204814074,2382,621,1761,32
Z3/v-->vp/V1*V2*V3*V4*V5*V6/Chc/2827/numPlain/2152/Compression/3.38131445426035e-2/VCore_Total/2814/VCorePlain/510/VCoreVar/2304/Variants/64,6.435016121416662,6.289332489749995,6.518560576416671,0.1419724389980245,0.042810556666703636,0.19293765433422325,Z3,v-->vp,V1*V2*V3*V4*V5*V6,2827,2152,0.0338131445426035,2814,510,2304,64
Z3/v-->vp/V1*V2*V3*V4*V5*V6*V7/Chc/3248/numPlain/1881/Compression/1.7402113646176727e-2/VCore_Total/2929/VCorePlain/354/VCoreVar/2575/Variants/128,14.792298518833254,14.374804720624837,15.01977400841663,0.39834354979241654,0.1462300066585474,0.5253321405800124,Z3,v-->vp,V1*V2*V3*V4*V5*V6*V7,3248,1881,0.017402113646176727,2929,354,2575,128
Z3/v-->vp/V1*V2*V3*V4*V5*V6*V7*V8/Chc/3633/numPlain/1562/Compression/8.931392725462844e-3/VCore_Total/3186/VCorePlain/292/VCoreVar/2894/Variants/256,34.775066256874915,34.23924234512481,35.33668917187504,0.7246501148667298,0.2514162197767137,0.986016098971941,Z3,v-->vp,V1*V2*V3*V4*V5*V6*V7*V8,3633,1562,0.008931392725462844,3186,292,2894,256
